Age,Overall,Potential,Preferred Foot,Skill Moves,Crossing,Finishing,HeadingAccuracy,SprintSpeed,ShotPower,Penalties,GKHandling,Value
31,94,94,Left,4,84,95,70,86,85,75,11,€110.5M
33,94,94,Right,5,84,94,89,91,95,85,11,€77M
26,92,93,Right,5,79,87,62,90,80,81,9,€118.5M
27,91,93,Right,1,17,13,21,58,31,40,85,€72M
27,91,92,Right,4,93,82,55,76,91,79,13,€102M
27,91,91,Right,4,81,84,61,88,82,86,12,€93M
32,91,91,Right,4,86,72,55,72,79,82,9,€67M
31,91,91,Right,3,77,93,77,75,86,85,25,€80M
32,91,91,Right,3,66,60,91,75,79,75,8,€51M
25,90,93,Right,1,13,11,15,60,22,11,92,€68M
29,90,90,Right,4,62,91,85,78,88,88,6,€77M
28,90,90,Right,3,88,76,54,62,87,73,11,€76.5M
32,90,90,Right,2,55,42,92,68,67,50,8,€44M
32,90,90,Left,4,84,76,54,64,72,75,15,€60M
27,89,90,Right,2,68,65,54,78,71,54,12,€63M
24,89,94,Left,4,82,84,68,83,82,86,4,€89M
24,89,91,Right,3,75,94,85,72,88,90,10,€83.5M
27,89,90,Left,4,82,90,84,85,80,79,8,€78M
26,89,92,Right,1,15,14,11,50,22,25,85,€58M
26,89,90,Left,1,14,14,13,52,36,27,91,€53.5M
29,89,89,Right,3,62,67,68,52,61,60,8,€51.5M
31,89,89,Right,3,70,89,89,76,87,85,5,€60M
32,89,89,Right,1,15,13,25,60,25,47,86,€38M
30,89,89,Right,4,70,93,77,80,88,83,15,€64.5M
33,89,89,Left,2,58,33,83,75,78,50,3,€27M
19,88,95,Right,5,77,88,77,96,79,70,5,€81M
26,88,89,Left,4,78,90,59,91,77,61,14,€69.5M
26,88,90,Right,2,52,59,76,65,86,66,14,€59.5M
26,88,89,Left,4,90,83,62,67,86,81,15,€69.5M
27,88,88,Right,4,86,77,56,86,75,61,4,€62M
26,88,91,Right,4,75,79,55,69,69,76,8,€73.5M
26,88,91,Right,4,88,80,52,73,84,67,14,€73.5M
26,88,89,Right,5,79,79,48,75,83,70,7,€69.5M
29,88,88,Right,4,77,88,79,95,82,76,9,€59M
29,88,88,Right,3,64,55,87,64,71,68,6,€46M
30,88,88,Left,5,90,70,75,82,83,59,5,€43M
28,88,88,Left,4,87,86,84,95,92,76,15,€60M
31,88,88,Left,1,13,10,10,62,23,40,84,€36M
30,88,88,Right,3,68,92,80,73,86,70,12,€57M
33,88,88,Right,2,60,38,81,72,71,60,12,€24M
33,88,88,Right,1,12,10,10,55,22,23,86,€30M
40,88,88,Right,1,13,15,13,43,39,22,87,€4M
24,87,92,Left,2,69,51,79,73,83,61,10,€57M
25,87,90,Right,3,46,91,91,78,84,82,9,€64.5M
27,87,90,Right,2,30,19,81,75,55,33,11,€51M
25,87,91,Right,5,80,73,73,79,90,81,6,€64M
31,87,87,Right,1,11,15,11,53,21,25,81,€30.5M
25,87,89,Left,3,78,87,86,90,88,78,15,€62.5M
28,87,87,Right,3,55,90,81,85,86,78,8,€52M
29,87,87,Left,3,87,73,70,93,64,59,15,€38M
31,87,87,Right,4,77,86,35,85,80,79,10,€45M
31,87,87,Left,3,68,56,80,65,80,66,10,€34M
30,87,87,Right,3,78,79,74,68,82,70,6,€46.5M
30,87,87,Right,3,84,83,58,59,84,82,11,€46.5M
31,87,87,Right,2,57,64,83,60,62,69,11,€34M
22,86,92,Left,4,83,81,72,96,86,71,12,€61M
23,86,91,Left,4,85,75,51,74,70,68,10,€59.5M
24,86,90,Left,1,20,14,14,63,42,17,80,€41.5M
26,86,87,Right,4,73,84,62,93,82,71,10,€52M
26,86,88,Right,2,53,52,82,77,81,62,10,€44.5M
23,86,89,Right,4,77,77,38,92,73,69,12,€56.5M
26,86,87,Right,4,72,87,77,77,81,72,11,€53M
25,86,91,Right,2,36,40,83,85,52,43,11,€50M
25,86,89,Right,4,72,60,55,62,56,64,12,€55M
27,86,86,Left,3,84,55,76,86,80,60,7,€36.5M
27,86,86,Left,5,84,67,50,93,86,77,15,€46.5M
28,86,86,Right,3,79,87,82,75,78,60,7,€45M
27,86,86,Right,5,72,69,54,69,75,75,11,€45.5M
29,86,86,Right,4,79,87,49,85,88,89,12,€43.5M
28,86,86,Right,2,81,46,76,76,68,66,9,€35M
31,86,86,Right,2,44,48,86,65,74,70,2,€30M
29,86,87,Right,2,64,45,82,66,78,58,6,€39M
28,86,86,Right,3,80,60,60,66,78,79,7,€44M
31,86,86,Right,2,45,47,83,75,66,41,4,€30M
29,86,86,Left,4,83,73,54,69,70,67,14,€43.5M
33,86,86,Right,3,68,69,63,67,83,61,11,€18M
34,86,86,Right,4,77,70,54,67,65,71,13,€21.5M
23,85,92,Right,2,40,42,80,73,50,56,13,€46.5M
23,85,90,Right,4,64,80,86,70,83,56,10,€50.5M
22,85,92,Left,4,82,82,50,82,86,62,9,€54M
24,85,89,Left,4,83,82,49,79,84,81,9,€50M
25,85,90,Right,1,17,13,19,45,21,23,81,€36.5M
23,85,88,Right,3,90,66,74,68,75,44,15,€40.5M
23,85,90,Left,3,69,78,83,73,78,55,13,€50.5M
27,85,85,Left,5,81,80,48,83,79,73,9,€40.5M
26,85,87,Left,3,81,63,75,86,83,80,7,€38M
26,85,86,Right,3,86,72,61,68,84,59,12,€45M
27,85,86,Right,4,64,88,73,84,83,84,6,€45M
27,85,87,Right,2,27,10,80,85,40,26,6,€37.5M
30,85,85,Right,2,52,54,85,61,69,45,5,€28.5M
29,85,85,Right,3,84,79,61,43,78,83,9,€37M
29,85,85,Right,3,64,81,85,73,83,71,16,€37M
28,85,87,Right,1,12,12,16,47,15,18,81,€32M
29,85,85,Right,4,77,80,73,79,84,77,10,€37.5M
28,85,85,Right,4,79,76,46,75,69,75,16,€39M
29,85,85,Right,2,69,34,85,72,78,46,12,€30M
31,85,85,Right,3,76,75,82,55,86,81,2,€26M
29,85,85,Right,4,83,79,80,88,84,76,7,€37.5M
32,85,85,Right,2,63,89,84,66,86,67,11,€30.5M
31,85,85,Right,2,72,72,76,60,82,69,9,€33M
29,85,85,Right,2,65,87,82,76,83,75,13,€38.5M
30,85,85,Right,3,73,75,59,73,84,63,11,€35.5M
35,85,85,Right,2,45,57,94,65,92,60,10,€9M
31,85,85,Left,2,75,64,68,77,78,56,11,€26M
33,85,85,Right,2,48,43,80,69,70,49,6,€15.5M
30,85,85,Right,4,75,81,80,76,81,82,11,€37M
32,85,85,Left,3,86,59,72,75,71,65,15,€21.5M
32,85,85,Right,2,61,45,84,59,75,63,9,€22M
35,85,85,Right,2,46,46,80,70,63,57,15,€9M
36,85,85,Right,5,73,86,83,59,90,89,15,€14M
22,84,88,Right,2,36,40,80,79,66,44,7,€34M
23,84,88,Right,2,47,37,81,70,72,38,11,€34M
25,84,87,Left,3,89,65,74,85,80,68,8,€32M
24,84,88,Left,2,58,45,85,66,68,44,11,€34M
23,84,88,Right,4,84,73,58,76,87,81,14,€40.5M
22,84,90,Right,2,30,20,86,84,77,32,7,€36.5M
22,84,90,Right,4,76,84,69,89,84,81,8,€42.5M
22,84,90,Right,4,69,83,77,76,78,74,6,€42.5M
24,84,88,Right,3,79,66,75,72,78,91,12,€34M
24,84,89,Right,2,72,33,80,76,53,31,6,€35.5M
26,84,86,Right,3,68,52,73,53,59,60,6,€31.5M
26,84,87,Right,3,75,57,56,69,71,84,7,€38M
25,84,87,Left,4,83,81,75,80,83,74,11,€39M
26,84,87,Right,3,83,41,70,84,64,45,13,€31.5M
24,84,89,Right,5,79,79,65,87,87,75,14,€42M
25,84,85,Right,4,78,85,65,87,86,71,13,€37M
27,84,86,Left,1,19,18,16,64,20,16,80,€25M
26,84,86,Right,2,49,25,80,69,65,41,10,€31.5M
25,84,89,Right,1,11,11,12,56,23,21,85,€29.5M
30,84,84,Right,5,80,67,58,93,84,65,5,€29.5M
30,84,84,Left,3,80,88,78,78,79,82,16,€30M
26,84,87,Right,1,9,9,13,52,23,23,82,€27M
29,84,84,Left,3,71,64,74,59,83,64,15,€24M
28,84,84,Right,1,11,11,11,44,14,20,79,€22M
28,84,84,Right,4,68,72,51,57,69,50,7,€31M
28,84,84,Right,2,81,51,74,93,86,63,6,€24.5M
27,84,84,Right,4,74,73,50,68,77,76,14,€32M
31,84,84,Right,3,82,78,65,89,78,62,5,€27.5M
30,84,84,Left,5,83,72,51,84,83,73,7,€29.5M
32,84,84,Right,3,72,84,90,73,80,76,8,€25M
29,84,84,Right,4,76,77,31,86,79,70,12,€30.5M
29,84,85,Right,1,24,14,13,54,24,15,83,€24M
30,84,84,Right,4,80,66,49,64,74,78,8,€29M
29,84,84,Right,4,69,71,80,74,78,81,7,€24M
31,84,84,Right,4,87,78,59,72,80,74,15,€27.5M
34,84,84,Right,3,70,88,84,64,84,84,11,€16.5M
30,84,84,Right,2,47,44,85,73,77,24,8,€23M
31,84,84,Right,1,11,11,12,50,21,25,84,€19M
32,84,84,Right,3,55,86,89,66,79,81,13,€25M
31,84,84,Right,1,18,12,16,60,36,26,77,€19M
32,84,84,Right,2,38,27,77,53,65,37,6,€18M
30,84,84,Right,4,82,76,38,86,76,72,11,€30M
37,84,84,Right,2,40,21,72,77,54,60,2,€4.2M
34,84,84,Right,5,92,67,41,82,79,74,14,€15.5M
34,84,84,Left,4,80,85,51,76,86,78,8,€15.5M
21,83,92,Left,4,78,78,43,92,83,75,6,€40M
21,83,92,Right,4,66,84,74,85,78,78,8,€41M
26,83,83,Right,4,83,74,64,87,82,77,12,€28M
26,83,83,Right,2,40,38,83,78,53,56,15,€22.5M
26,83,83,Right,4,56,85,83,83,85,77,11,€28.5M
22,83,89,Left,3,62,31,79,78,55,50,8,€30.5M
23,83,88,Right,4,62,74,42,60,76,58,14,€34M
23,83,88,Right,3,67,75,82,66,82,70,10,€34M
22,83,89,Left,4,83,75,54,84,79,68,15,€35.5M
22,83,87,Right,5,81,76,52,93,77,70,3,€34M
22,83,88,Right,2,35,20,80,77,44,38,8,€29.5M
24,83,90,Left,4,78,80,77,76,84,71,11,€36.5M
22,83,87,Right,3,69,87,76,93,74,72,9,€34.5M
23,83,87,Left,3,70,69,77,74,80,69,12,€33M
23,83,88,Right,3,75,72,75,79,77,60,8,€34M
26,83,84,Right,5,79,86,60,91,82,74,13,€30.5M
25,83,86,Left,4,84,68,53,74,80,73,7,€32.5M
27,83,83,Right,4,86,73,52,79,82,56,16,€27M
24,83,86,Right,4,78,79,53,87,84,74,11,€33M
26,83,85,Left,4,61,83,80,80,81,73,12,€32M
29,83,83,Right,2,45,39,81,67,46,47,11,€20M
24,83,89,Right,4,73,62,42,74,79,59,5,€35M
23,83,91,Right,1,25,11,17,33,25,24,80,€28.5M
26,83,84,Right,4,72,71,74,65,81,65,14,€30M
22,83,88,Right,4,74,81,46,90,85,68,10,€34.5M
24,83,88,Left,1,17,19,15,44,31,41,78,€25M
27,83,86,Right,2,35,34,85,61,43,37,13,€26M
24,83,87,Right,3,62,29,83,71,46,44,15,€28.5M
24,83,86,Left,4,84,70,50,77,78,72,15,€33M
24,83,86,Right,4,83,78,65,77,86,63,13,€32.5M
25,83,85,Right,4,79,71,44,89,83,53,10,€31.5M
25,83,84,Right,4,75,78,50,90,79,74,10,€31M
26,83,86,Right,3,50,61,78,68,76,52,7,€27M
28,83,85,Right,2,70,32,82,79,54,45,7,€24.5M
25,83,87,Left,1,19,13,14,51,22,21,80,€24M
27,83,83,Right,4,70,72,59,74,70,53,13,€26.5M
30,83,83,Left,3,25,37,80,55,75,72,9,€19M
26,83,86,Right,4,85,63,72,79,65,57,16,€26.5M
27,83,84,Left,4,72,78,80,91,83,77,13,€30.5M
28,83,83,Right,3,79,76,45,73,75,76,14,€25.5M
27,83,83,Right,3,72,63,34,71,69,64,11,€26.5M
28,83,84,Right,1,11,15,14,49,28,22,79,€21M
28,83,84,Right,1,14,11,16,51,21,22,82,€21M
28,83,83,Right,3,60,50,69,72,80,54,6,€21M
29,83,83,Right,4,77,74,53,78,85,72,11,€25.5M
27,83,84,Left,3,85,68,83,76,84,64,7,€24M
33,83,83,Right,1,11,10,13,54,24,23,80,€13M
30,83,83,Right,2,29,27,85,52,57,39,14,€19M
28,83,83,Left,3,74,68,68,66,81,77,12,€21M
29,83,83,Right,2,38,87,94,54,82,88,12,€26M
26,83,84,Right,4,74,76,54,72,80,68,10,€30.5M
27,83,83,Right,4,68,85,67,82,89,92,2,€27.5M
30,83,83,Left,3,63,48,72,64,80,58,6,€19M
28,83,83,Right,4,77,79,59,79,78,79,11,€26M
31,83,83,Right,3,68,55,81,62,79,75,12,€17.5M
29,83,84,Right,1,14,11,15,47,24,21,81,€20M
30,83,83,Left,4,83,78,56,62,75,81,10,€24.5M
31,83,83,Left,1,12,11,23,54,25,25,84,€15.5M
30,83,83,Left,1,12,12,11,57,38,32,81,€16.5M
29,83,84,Right,1,13,13,10,54,23,24,84,€20M
29,83,83,Right,2,60,43,87,53,76,52,12,€20M
29,83,83,Right,2,69,59,78,67,74,52,6,€20M
31,83,83,Right,3,63,62,72,67,77,61,8,€17.5M
33,83,83,Right,1,14,13,13,43,24,11,81,€13M
31,83,83,Right,3,85,72,74,54,77,78,10,€22M
30,83,83,Left,4,65,66,70,72,81,63,14,€24M
35,83,83,Right,5,80,74,41,78,75,78,6,€11.5M
33,83,83,Right,1,18,13,16,46,21,13,82,€13M
34,83,83,Right,2,57,50,81,67,81,75,7,€8M
35,83,83,Right,1,11,14,13,63,24,24,83,€6M
26,82,85,Right,1,11,16,14,37,21,18,78,€19.5M
18,82,91,Right,2,57,53,81,72,79,40,11,€27M
22,82,87,Right,4,63,64,75,66,70,46,10,€29M
21,82,90,Right,4,70,72,58,70,76,69,13,€32.5M
19,82,93,Right,1,12,12,12,54,24,24,78,€29M
30,82,82,Right,2,61,53,70,81,60,77,14,€16.5M
34,82,82,Right,2,40,56,83,74,74,62,12,€6.5M
30,82,82,Right,1,10,8,11,42,21,14,84,€14M
23,82,87,Right,5,81,66,51,94,72,66,9,€29.5M
21,82,86,Right,4,76,75,60,90,81,69,12,€29M
22,82,87,Right,3,74,50,55,74,78,48,5,€25M
21,82,89,Left,4,79,75,57,82,85,68,14,€31.5M
23,82,87,Left,1,24,19,15,52,21,25,82,€21.5M
22,82,88,Left,3,78,42,83,84,62,34,7,€25.5M
23,82,88,Left,2,36,23,78,73,58,43,10,€26M
27,82,83,Right,4,75,86,69,72,82,88,14,€26M
24,82,87,Left,3,86,57,63,86,67,55,8,€24.5M
28,82,83,Right,3,55,51,46,35,74,58,14,€20M
24,82,87,Left,5,82,70,50,83,82,72,15,€29.5M
22,82,88,Right,4,77,78,42,84,80,54,16,€30.5M
23,82,86,Right,2,40,33,80,67,58,36,10,€24.5M
23,82,86,Left,4,81,77,43,86,78,59,16,€29M
24,82,88,Right,4,85,58,64,91,80,46,9,€25.5M
23,82,89,Left,2,36,30,76,69,64,34,14,€26.5M
25,82,88,Right,3,58,63,68,76,79,46,13,€25.5M
25,82,84,Left,4,67,74,55,79,76,65,16,€26.5M
31,82,82,Right,3,64,85,69,91,85,81,14,€20M
24,82,87,Right,3,42,88,84,79,81,77,7,€30M
26,82,83,Right,4,84,70,45,70,73,66,7,€26M
25,82,83,Right,4,74,78,64,82,80,65,10,€26.5M
29,82,82,Left,4,73,74,68,62,76,67,15,€21.5M
28,82,82,Right,4,80,80,45,89,79,75,14,€22.5M
25,82,84,Right,2,68,27,80,78,70,40,15,€22.5M
27,82,83,Right,4,77,70,72,84,82,76,8,€20.5M
25,82,85,Right,2,44,43,87,53,68,44,16,€23.5M
26,82,83,Right,3,83,76,75,81,77,65,13,€21M
27,82,82,Right,3,57,38,88,62,77,43,7,€18.5M
25,82,85,Left,4,65,69,75,76,86,45,10,€27.5M
25,82,87,Left,4,72,73,55,70,79,67,6,€29.5M
27,82,83,Right,2,67,42,81,74,61,51,6,€21M
25,82,85,Right,3,73,80,86,86,80,70,5,€28.5M
29,82,84,Right,1,17,10,12,50,35,21,83,€18M
27,82,82,Right,4,74,84,74,83,79,76,13,€23.5M
27,82,83,Right,3,74,84,71,88,84,69,13,€26M
26,82,83,Left,4,86,78,61,76,76,69,7,€26M
25,82,85,Right,5,81,77,47,92,78,66,10,€28.5M
25,82,85,Right,4,76,80,49,72,77,56,8,€28.5M
28,82,82,Right,4,75,78,41,76,70,74,16,€22.5M
27,82,83,Right,3,55,55,82,72,66,52,15,€21M
27,82,83,Right,2,17,42,80,64,50,65,13,€21M
26,82,83,Right,4,54,84,84,65,84,80,14,€26.5M
27,82,82,Right,3,76,56,76,85,71,53,13,€18.5M
29,82,83,Left,2,54,37,77,59,59,46,8,€19.5M
26,82,83,Left,3,67,72,83,78,78,60,12,€21.5M
26,82,85,Left,1,15,15,14,46,21,20,77,€19.5M
26,82,85,Right,4,78,75,51,64,68,77,7,€27M
26,82,84,Right,2,53,58,81,65,66,54,9,€22.5M
29,82,82,Right,4,77,73,61,69,78,75,9,€21.5M
30,82,82,Right,4,78,78,55,74,77,66,11,€21M
28,82,82,Right,4,82,70,70,77,84,68,14,€22M
27,82,85,Right,1,15,8,17,54,22,20,78,€18.5M
30,82,82,Right,4,73,76,56,91,83,72,7,€21M
29,82,82,Right,2,59,64,79,55,79,57,16,€17M
30,82,82,Left,5,76,79,53,82,77,80,13,€21M
27,82,83,Right,3,75,74,58,69,81,75,11,€25M
27,82,82,Right,3,91,48,73,75,75,66,14,€18.5M
32,82,82,Left,3,91,55,80,70,91,74,15,€12.5M
28,82,82,Right,3,86,77,60,55,83,79,8,€22.5M
31,82,82,Right,4,72,80,34,80,80,73,3,€20M
29,82,82,Right,4,80,78,74,83,84,77,15,€22M
30,82,82,Left,4,80,71,54,79,72,71,11,€21M
28,82,82,Right,3,81,67,65,66,77,64,13,€18M
30,82,82,Left,4,81,83,63,67,81,90,7,€21.5M
33,82,82,Right,3,70,70,75,69,87,45,9,€9M
29,82,82,Right,2,50,49,73,55,73,56,12,€17M
32,82,82,Right,2,36,45,77,67,77,48,3,€12.5M
32,82,82,Right,3,68,44,83,65,64,49,9,€12.5M
27,82,82,Right,4,67,70,72,76,76,74,6,€23M
31,82,82,Right,2,44,41,89,43,63,26,9,€15M
31,82,82,Left,3,64,83,90,50,85,83,15,€20M
31,82,82,Left,2,49,43,83,69,65,45,16,€15M
31,82,82,Left,4,73,60,55,73,74,70,10,€19M
31,82,82,Right,2,62,58,80,36,80,69,6,€15M
32,82,82,Right,2,46,38,85,63,58,57,16,€12.5M
31,82,82,Right,1,13,10,11,51,20,19,76,€13.5M
32,82,82,Left,1,12,17,13,33,21,21,84,€12.5M
32,82,82,Right,2,52,32,80,66,54,51,11,€12.5M
31,82,82,Right,1,10,10,10,34,24,21,83,€13.5M
32,82,82,Right,3,74,50,54,65,77,72,12,€12.5M
35,82,82,Right,4,85,61,72,79,86,70,11,€4.8M
36,82,82,Right,4,71,86,67,67,81,88,9,€8M
37,82,82,Right,3,54,83,92,66,82,82,10,€8M
36,82,82,Left,1,19,12,19,38,21,23,82,€3M
37,82,82,Left,1,13,12,25,57,28,24,74,€1.5M
20,81,89,Right,4,75,78,71,93,87,74,6,€27M
30,81,81,Left,4,73,72,44,78,67,74,7,€17M
20,81,89,Left,4,77,75,57,90,79,71,13,€26.5M
22,81,87,Right,2,51,36,75,86,58,40,9,€21M
21,81,89,Right,4,75,52,64,76,68,45,13,€26M
24,81,86,Right,4,74,50,58,92,74,38,12,€20M
22,81,86,Right,4,74,77,50,66,75,46,11,€24M
22,81,89,Left,4,72,79,67,67,75,67,11,€26M
24,81,87,Right,2,51,33,79,79,55,46,14,€21M
21,81,88,Right,4,74,68,41,67,64,55,15,€25M
22,81,86,Right,4,75,77,60,93,76,64,10,€24M
30,81,81,Right,4,79,80,54,88,76,76,13,€17M
26,81,82,Right,3,72,69,60,70,78,67,13,€20.5M
24,81,84,Left,4,79,74,40,84,78,70,12,€22.5M
25,81,84,Right,3,72,69,62,70,80,69,8,€18.5M
24,81,87,Right,4,78,77,70,94,85,64,15,€24.5M
23,81,87,Right,4,74,82,67,82,80,55,10,€24.5M
22,81,88,Right,2,49,36,80,70,31,36,12,€21.5M
25,81,84,Right,4,77,64,55,69,76,66,15,€22.5M
23,81,86,Right,1,18,18,11,46,18,21,77,€17M
24,81,86,Right,3,78,47,66,82,68,40,6,€20M
24,81,88,Right,4,77,65,52,84,76,51,9,€24.5M
24,81,85,Right,3,81,61,64,87,67,60,12,€19M
22,81,87,Left,3,83,50,65,83,78,51,13,€20.5M
24,81,86,Left,4,85,75,52,68,79,44,6,€24M
25,81,85,Right,3,68,73,66,70,84,54,12,€19.5M
25,81,84,Right,3,53,84,77,92,79,70,14,€22.5M
31,81,81,Right,3,60,84,75,75,80,80,12,€16M
25,81,83,Right,4,78,82,73,77,83,65,15,€22M
25,81,84,Left,3,83,58,69,74,65,54,7,€18.5M
25,81,84,Left,2,46,30,78,77,44,52,16,€18.5M
24,81,88,Left,4,58,88,78,74,85,79,16,€25.5M
24,81,84,Right,3,70,79,56,77,86,65,13,€22.5M
23,81,86,Left,3,87,33,65,86,79,50,7,€20M
27,81,82,Right,3,61,45,58,52,53,47,13,€17M
26,81,84,Right,3,82,44,73,79,75,52,11,€18M
25,81,83,Right,4,77,69,38,77,78,83,9,€21.5M
28,81,81,Right,4,76,72,48,91,85,57,12,€18M
27,81,82,Left,4,52,80,79,79,85,79,13,€21M
27,81,82,Left,3,85,54,70,82,80,76,7,€16.5M
27,81,84,Left,1,13,11,10,40,18,20,76,€15M
30,81,81,Left,4,78,78,58,70,87,78,13,€17M
25,81,83,Left,3,78,81,67,77,85,72,7,€22M
24,81,85,Right,3,53,85,77,80,80,71,14,€23.5M
28,81,81,Right,3,78,77,65,77,77,74,16,€18M
25,81,84,Left,3,71,49,62,49,88,63,8,€22M
29,81,81,Left,4,83,74,63,68,69,71,11,€17.5M
29,81,81,Right,3,78,64,53,65,80,76,7,€17M
25,81,81,Left,4,82,67,42,86,81,68,10,€19.5M
28,81,82,Right,2,59,33,80,55,63,52,14,€16M
30,81,81,Right,3,50,31,68,70,65,58,7,€13M
26,81,81,Left,5,78,71,45,77,87,65,12,€19M
25,81,83,Right,5,73,76,67,79,66,68,6,€21.5M
25,81,85,Right,1,20,19,14,52,25,25,78,€16.5M
26,81,82,Right,2,60,50,79,82,78,53,13,€17.5M
28,81,81,Right,3,74,71,58,68,75,79,12,€17.5M
27,81,81,Right,4,78,77,73,87,80,75,11,€18.5M
25,81,82,Right,5,74,78,51,87,74,67,3,€21M
28,81,82,Right,2,52,54,82,74,42,52,15,€16M
31,81,81,Left,4,76,81,69,80,94,78,10,€15.5M
29,81,81,Right,4,65,76,48,60,54,80,9,€17.5M
25,81,85,Right,4,74,70,56,78,75,73,9,€23M
28,81,81,Right,4,56,84,70,85,80,74,9,€18.5M
29,81,81,Right,4,76,79,64,67,81,80,10,€18M
28,81,82,Right,2,49,28,80,83,62,43,8,€16M
29,81,81,Right,4,79,66,57,76,73,90,8,€17.5M
32,81,81,Right,1,15,10,12,62,25,24,75,€10M
30,81,81,Right,2,58,51,83,52,57,56,6,€13M
29,81,81,Right,2,54,55,82,65,78,61,10,€14M
29,81,81,Right,2,43,39,75,72,73,34,7,€14M
33,81,81,Right,3,82,74,48,79,75,68,12,€11M
31,81,81,Right,4,91,76,36,63,84,71,12,€15.5M
31,81,81,Right,4,75,78,74,65,84,67,11,€15M
33,81,81,Right,2,82,65,74,83,78,65,11,€7M
31,81,81,Right,4,83,73,55,78,87,83,4,€15.5M
29,81,81,Right,4,78,74,67,76,86,64,9,€17M
26,81,82,Left,4,78,74,69,74,81,75,15,€21M
27,81,81,Left,3,82,57,62,78,68,57,11,€14.5M
29,81,81,Left,4,79,81,70,80,74,72,14,€17.5M
30,81,81,Right,3,75,65,57,67,81,68,11,€16.5M
32,81,81,Right,3,79,60,62,85,85,55,11,€10M
33,81,81,Right,1,14,13,11,47,14,22,83,€9M
31,81,81,Right,3,77,74,70,59,76,70,15,€15M
33,81,81,Right,4,78,67,60,52,72,72,4,€11M
35,81,81,Right,4,66,84,68,67,87,84,7,€8M
32,81,81,Right,4,61,84,82,70,84,83,11,€14M
32,81,81,Right,4,79,70,59,76,81,73,14,€14M
28,81,81,Right,3,63,68,59,73,81,64,10,€17.5M
33,81,81,Right,4,78,78,63,66,77,72,10,€11M
31,81,81,Right,5,80,70,61,74,85,72,10,€15.5M
32,81,81,Right,3,86,62,66,62,82,83,1,€13.5M
34,81,81,Left,2,79,52,80,74,80,72,14,€5.5M
36,81,81,Right,4,86,80,59,65,74,75,14,€6M
21,80,85,Right,3,56,85,81,65,79,67,8,€20.5M
19,80,89,Left,4,69,72,65,86,66,49,8,€22M
21,80,89,Right,4,67,59,56,76,80,60,10,€22.5M
20,80,90,Right,4,68,72,54,79,61,63,6,€23.5M
21,80,87,Right,4,80,74,56,77,77,73,14,€21M
22,80,88,Right,3,81,45,73,82,58,62,12,€18.5M
24,80,84,Left,4,71,74,43,89,78,64,9,€19.5M
30,80,80,Left,4,82,51,69,80,55,61,15,€10.5M
34,80,80,Right,2,75,58,59,68,72,61,9,€4.5M
21,80,87,Left,3,81,78,44,75,73,52,6,€21M
26,80,83,Right,2,33,31,82,65,71,48,13,€15.5M
27,80,80,Right,2,59,80,81,88,86,71,7,€16M
22,80,86,Right,3,66,37,73,73,60,51,7,€17.5M
21,80,85,Right,3,50,50,76,73,82,55,14,€17M
22,80,85,Right,1,15,12,20,62,21,27,79,€14.5M
22,80,86,Left,3,75,73,59,75,79,60,7,€20M
26,80,80,Left,4,87,65,63,75,83,74,14,€12.5M
21,80,87,Right,3,75,61,51,64,83,62,12,€20.5M
24,80,85,Right,3,50,81,82,85,85,75,14,€20M
28,80,80,Left,2,56,50,86,51,67,51,9,€12M
24,80,86,Right,2,34,36,82,69,38,30,9,€17.5M
26,80,81,Right,4,71,61,75,69,78,56,4,€14.5M
23,80,85,Right,3,55,37,71,69,72,45,15,€17M
22,80,86,Right,4,67,60,43,67,83,55,7,€20M
25,80,83,Right,4,77,66,46,93,75,59,11,€18.5M
23,80,85,Right,4,75,78,58,92,78,60,8,€20M
26,80,85,Right,1,12,15,12,48,24,24,76,€14M
31,80,80,Right,1,18,11,19,40,25,20,74,€9M
22,80,85,Left,4,78,79,38,76,76,65,10,€20M
22,80,85,Right,3,73,82,76,81,78,67,8,€20M
24,80,84,Left,4,72,72,46,67,75,70,15,€19.5M
23,80,85,Left,3,82,61,52,87,62,52,10,€16.5M
24,80,85,Right,4,61,65,69,62,80,55,9,€19.5M
25,80,82,Left,3,75,57,73,86,66,46,9,€15M
23,80,85,Right,4,78,74,69,74,79,68,16,€19.5M
26,80,83,Left,1,12,16,10,42,21,23,77,€13M
24,80,85,Right,3,70,60,72,73,81,60,8,€19.5M
24,80,84,Right,4,81,65,53,69,86,71,14,€19.5M
24,80,82,Right,2,68,55,85,69,74,67,10,€15.5M
25,80,83,Right,2,60,50,81,65,58,48,7,€15.5M
24,80,85,Right,4,76,55,60,69,82,57,14,€ 0
28,80,80,Left,3,63,53,69,64,75,52,13,€12M
22,80,85,Left,3,82,47,70,85,65,53,12,€16.5M
28,80,80,Left,2,57,40,79,62,67,48,14,€12M
24,80,83,Right,3,40,84,80,76,77,88,7,€19M
25,80,81,Right,4,77,71,59,86,76,57,11,€17.5M
30,80,80,Right,4,77,70,41,77,72,51,12,€14M
26,80,81,Right,3,63,81,72,80,77,53,10,€17.5M
24,80,84,Right,4,65,82,75,76,81,67,10,€19.5M
30,80,80,Right,4,60,83,68,72,79,65,12,€14.5M
29,80,81,Right,1,15,14,19,35,20,13,72,€11.5M
26,80,83,Right,1,11,14,11,47,17,22,80,€13M
23,80,85,Right,3,76,52,60,91,52,62,14,€16.5M
26,80,81,Right,3,86,28,71,78,66,54,11,€14M
25,80,85,Right,1,11,16,12,55,29,42,77,€14M
25,80,81,Right,2,46,34,87,38,83,75,11,€14.5M
25,80,83,Right,2,59,36,80,63,63,52,8,€15.5M
24,80,82,Right,4,75,69,40,88,72,77,16,€18.5M
24,80,84,Right,2,67,52,82,68,82,70,14,€16.5M
26,80,84,Right,2,56,37,76,76,68,46,13,€16M
29,80,80,Right,3,69,54,66,56,72,68,9,€11.5M
28,80,80,Left,4,80,60,59,80,75,51,8,€11.5M
25,80,81,Left,3,83,48,54,86,65,56,9,€14.5M
24,80,84,Left,4,82,52,68,75,77,60,12,€16M
26,80,81,Left,3,67,85,69,76,85,74,11,€17.5M
26,80,80,Right,3,78,74,47,89,78,56,12,€16M
29,80,80,Right,2,65,41,79,80,54,51,13,€11.5M
27,80,81,Right,4,62,78,65,89,80,74,10,€17.5M
26,80,82,Right,5,57,80,77,83,81,76,10,€18M
24,80,85,Right,4,78,69,39,85,80,69,9,€19.5M
25,80,83,Right,3,83,54,75,78,71,64,10,€15.5M
26,80,82,Right,2,54,36,82,69,66,42,15,€15M
28,80,80,Left,3,68,57,69,72,87,50,16,€12M
28,80,80,Right,3,70,81,81,65,77,63,8,€15.5M
28,80,80,Left,4,80,77,69,76,83,85,5,€15M
27,80,81,Right,3,84,28,65,71,74,23,9,€13.5M
27,80,80,Right,3,80,54,74,66,70,43,6,€12M
28,80,80,Left,3,75,80,58,67,88,65,11,€15M
25,80,83,Left,4,86,59,64,73,78,83,13,€15.5M
27,80,80,Right,4,78,74,60,76,68,72,5,€15.5M
27,80,80,Right,3,79,68,65,80,81,50,12,€12M
29,80,80,Right,2,70,40,83,60,85,52,11,€11.5M
28,80,80,Left,3,81,46,72,53,68,56,9,€12M
27,80,83,Right,1,17,12,19,45,25,27,77,€12.5M
26,80,81,Right,4,72,69,48,76,76,75,14,€17.5M
27,80,80,Left,3,79,77,38,62,71,66,12,€15.5M
28,80,80,Left,4,78,75,53,76,70,77,5,€15M
27,80,80,Right,2,66,79,93,57,84,64,10,€16M
31,80,80,Right,1,35,11,20,52,45,29,81,€9M
25,80,83,Right,4,74,76,43,75,61,61,5,€18.5M
30,80,80,Right,4,88,69,52,71,80,58,7,€14M
28,80,80,Right,3,73,63,59,65,73,71,8,€12M
27,80,81,Right,1,13,13,11,52,22,17,74,€11.5M
27,80,82,Right,2,62,61,71,61,79,65,14,€14.5M
28,80,80,Right,3,60,33,77,72,58,50,7,€12M
28,80,80,Left,4,82,77,45,73,78,90,12,€15M
28,80,81,Right,2,50,58,83,55,76,48,13,€13.5M
29,80,80,Right,1,14,12,8,40,24,22,72,€10M
27,80,80,Right,3,55,40,76,71,57,57,11,€12.5M
31,80,80,Right,4,68,80,87,69,79,80,14,€13.5M
28,80,80,Right,1,16,10,23,44,23,24,80,€10.5M
34,80,80,Left,3,60,66,61,31,80,75,10,€7M
28,80,80,Left,3,74,64,60,72,82,65,9,€11.5M
30,80,80,Right,4,74,72,67,69,72,70,15,€13.5M
31,80,80,Right,2,36,48,83,54,76,51,15,€10M
29,80,80,Right,3,82,61,69,75,75,55,15,€11M
28,80,80,Right,4,68,80,69,85,76,74,7,€15.5M
31,80,80,Left,3,81,56,69,79,87,61,7,€9.5M
32,80,80,Left,3,76,55,72,67,74,61,5,€8M
31,80,80,Right,3,80,69,47,41,87,69,10,€12.5M
32,80,80,Right,4,70,69,59,71,74,62,13,€11M
31,80,80,Right,3,70,78,67,85,82,81,10,€13.5M
33,80,80,Right,5,69,81,54,76,83,80,13,€9M
31,80,80,Left,4,78,62,60,74,84,76,5,€13M
31,80,80,Right,1,11,14,12,44,14,16,76,€9M
31,80,80,Left,3,82,56,69,77,68,70,10,€10M
32,80,80,Right,3,78,80,70,60,85,79,15,€11.5M
28,80,80,Left,4,62,83,70,78,82,75,15,€15.5M
31,80,80,Right,4,78,79,90,57,85,76,16,€13M
30,80,80,Right,3,77,67,62,62,76,71,6,€13.5M
33,80,80,Right,2,39,35,83,62,46,39,5,€6M
31,80,80,Left,3,67,55,70,68,79,57,12,€10M
32,80,80,Right,2,28,56,85,48,63,53,12,€8.5M
33,80,80,Right,3,60,38,59,69,74,49,5,€6M
32,80,80,Right,2,65,55,81,63,65,68,7,€8.5M
34,80,80,Left,2,58,47,80,41,64,57,8,€4.5M
33,80,80,Right,2,49,51,81,49,74,79,9,€ 0
32,80,80,Right,3,72,83,78,68,84,78,15,€12M
32,80,80,Right,3,60,81,82,66,82,69,8,€12M
32,80,80,Right,1,19,13,18,50,24,10,72,€8.5M
34,80,80,Right,3,67,61,59,65,71,62,7,€4.5M
33,80,80,Right,3,81,54,59,86,68,66,14,€5.5M
36,80,80,Right,1,11,12,10,52,22,21,81,€2M
33,80,80,Right,5,85,71,58,52,77,80,9,€8.5M
32,80,80,Right,3,82,64,55,88,75,56,10,€11.5M
34,80,80,Right,2,63,42,66,62,76,60,10,€4.5M
34,80,80,Right,1,10,17,13,43,23,21,80,€6M
36,80,80,Right,3,85,69,60,76,83,84,10,€1.7M
33,80,80,Right,3,76,69,75,37,81,77,14,€6M
34,80,80,Right,1,11,11,12,34,21,11,77,€6M
32,80,80,Right,3,77,80,75,65,85,81,11,€12M
34,80,80,Right,3,68,76,77,78,83,74,13,€8M
39,80,80,Right,1,11,10,10,40,21,20,82,€1M
20,79,86,Left,4,76,75,45,83,70,61,7,€18M
21,79,85,Right,2,34,29,81,64,54,45,8,€15M
21,79,86,Left,5,66,76,50,86,72,69,10,€18M
21,79,86,Left,4,76,75,45,86,80,68,7,€18M
21,79,86,Right,5,69,63,46,77,67,57,13,€18M
21,79,86,Right,4,69,79,75,85,80,69,7,€18M
20,79,86,Right,4,56,82,79,83,79,59,8,€18M
21,79,88,Right,3,66,64,68,77,84,82,11,€19.5M
30,79,79,Right,4,42,79,73,82,75,74,12,€12M
26,79,79,Right,1,8,9,7,62,15,15,75,€9M
30,79,79,Right,2,52,68,83,78,75,72,7,€9.5M
30,79,79,Left,2,55,51,76,72,43,66,14,€9.5M
34,79,79,Right,3,81,48,69,76,52,41,13,€3.6M
26,79,81,Right,1,16,14,17,54,24,15,73,€ 0
22,79,87,Right,4,59,82,77,83,76,80,13,€19M
19,79,87,Right,4,69,67,46,88,79,61,12,€18M
26,79,80,Left,1,30,20,20,35,40,9,79,€10M
21,79,84,Right,3,60,42,76,69,73,48,15,€14.5M
23,79,87,Right,3,56,39,61,59,58,53,6,€16M
24,79,81,Right,4,70,74,65,81,70,63,11,€15.5M
20,79,86,Right,4,72,73,55,88,78,59,14,€18M
22,79,86,Left,3,66,38,81,77,43,41,7,€15M
22,79,85,Right,4,69,72,38,83,76,52,14,€17M
29,79,80,Right,1,21,16,15,48,28,23,75,€10M
22,79,85,Right,3,76,72,48,90,84,59,10,€17.5M
25,79,80,Right,3,74,81,74,83,78,69,12,€15M
29,79,79,Left,3,73,74,55,60,73,68,13,€12M
24,79,84,Left,5,78,65,48,90,68,56,8,€17M
22,79,84,Right,3,58,41,63,59,48,50,14,€14.5M
23,79,85,Right,3,64,36,76,77,68,55,16,€14.5M
24,79,82,Right,3,74,79,71,86,81,63,15,€16M
22,79,85,Right,4,67,81,77,79,75,69,14,€17.5M
26,79,80,Right,3,46,63,68,69,76,57,7,€14.5M
24,79,84,Right,4,66,81,54,79,82,75,12,€17M
21,79,86,Right,4,66,70,53,92,80,47,9,€18M
26,79,81,Right,3,81,59,69,79,75,59,9,€12.5M
25,79,82,Right,3,48,84,81,73,75,75,15,€16M
28,79,79,Right,3,61,86,76,84,81,72,14,€13M
28,79,80,Right,3,58,48,73,34,73,59,11,€11.5M
22,79,84,Right,3,69,40,71,85,78,40,13,€14.5M
23,79,84,Right,3,66,56,65,76,82,58,14,€14.5M
23,79,84,Right,3,77,74,51,75,78,71,9,€17M
24,79,86,Right,4,69,65,70,78,65,57,8,€15M
22,79,83,Right,4,74,63,37,60,45,60,12,€16M
23,79,83,Right,4,72,71,53,89,81,71,13,€16.5M
25,79,81,Right,4,71,72,61,89,68,67,6,€15.5M
24,79,83,Right,3,77,34,70,78,66,46,10,€13.5M
23,79,85,Right,4,78,67,56,74,67,72,12,€17.5M
25,79,80,Right,3,81,69,40,76,68,70,6,€15M
23,79,84,Left,2,63,45,74,74,63,48,7,€14.5M
28,79,79,Left,3,79,55,71,77,69,65,10,€10M
25,79,82,Left,3,77,59,74,75,82,44,9,€13M
28,79,79,Right,3,62,59,68,53,69,60,12,€10M
27,79,80,Right,3,66,82,72,79,80,80,13,€14.5M
24,79,83,Right,1,17,14,11,46,19,24,78,€11.5M
27,79,81,Right,2,66,54,75,59,79,87,9,€12.5M
26,79,82,Right,4,74,67,64,69,76,71,12,€15.5M
23,79,83,Left,2,43,33,78,69,60,41,9,€14M
24,79,86,Right,3,77,72,44,77,75,63,14,€17.5M
25,79,81,Right,2,38,38,83,53,37,41,12,€13M
27,79,80,Left,3,79,27,60,83,69,60,5,€11.5M
27,79,80,Left,2,51,42,73,74,81,39,16,€12M
23,79,83,Right,2,49,47,77,70,63,59,14,€14M
29,79,79,Right,3,67,65,32,75,63,42,8,€10M
25,79,84,Left,2,36,39,82,76,50,45,7,€14M
25,79,83,Right,1,14,18,14,54,20,19,74,€11.5M
27,79,80,Left,4,45,74,83,81,79,75,11,€14.5M
25,79,81,Right,3,63,77,74,64,78,75,6,€15M
23,79,85,Right,4,75,72,64,78,76,64,7,€17.5M
24,79,82,Right,4,73,65,45,79,70,61,11,€16M
24,79,83,Right,4,68,59,52,45,74,55,10,€16M
25,79,84,Left,3,77,64,69,85,73,51,7,€14M
26,79,80,Right,3,71,26,57,53,64,58,10,€12M
26,79,80,Right,2,60,46,73,69,72,42,7,€12M
28,79,79,Left,3,74,50,79,69,80,64,8,€10M
25,79,84,Right,3,74,66,54,66,76,78,10,€16.5M
25,79,82,Left,4,79,73,75,74,69,54,10,€13M
27,79,79,Left,4,74,74,57,69,77,73,15,€13M
28,79,79,Right,2,53,65,74,59,77,50,12,€10M
32,79,79,Right,1,13,15,15,47,14,16,76,€7M
26,79,82,Right,2,78,41,84,66,52,35,16,€13M
25,79,80,Right,3,78,62,72,79,69,43,16,€12M
28,79,79,Right,4,75,76,43,79,76,75,11,€12.5M
26,79,80,Left,3,79,75,48,75,82,70,11,€15M
25,79,81,Right,4,71,74,73,55,74,66,6,€15.5M
25,79,82,Right,3,73,73,65,61,75,69,11,€15.5M
25,79,80,Right,3,71,76,74,69,79,84,11,€14.5M
31,79,79,Right,4,77,79,56,70,74,74,15,€11M
24,79,82,Left,4,65,80,71,68,84,64,6,€16M
28,79,79,Right,3,79,79,47,77,83,65,8,€12.5M
26,79,80,Right,3,74,61,69,76,85,67,5,€12M
24,79,82,Right,4,65,68,65,70,81,65,14,€16M
26,79,81,Right,1,23,11,14,52,35,25,74,€10.5M
29,79,79,Right,4,41,82,76,75,78,75,8,€12.5M
27,79,79,Right,2,45,50,72,63,65,50,13,€10.5M
27,79,80,Right,2,52,49,85,72,78,50,8,€12M
26,79,82,Right,3,76,67,64,56,87,74,9,€15.5M
30,79,79,Right,3,83,72,65,78,78,83,10,€9M
26,79,81,Right,4,52,83,73,89,76,75,15,€15.5M
26,79,80,Right,2,60,44,78,59,68,55,8,€12M
27,79,79,Right,3,70,77,53,77,67,62,13,€13M
28,79,79,Right,4,79,74,67,72,78,80,16,€12.5M
27,79,81,Right,2,40,48,82,52,54,35,9,€12.5M
30,79,79,Left,3,80,53,68,81,75,56,11,€9M
27,79,80,Right,3,64,79,82,75,83,82,14,€14.5M
28,79,79,Left,3,81,56,68,77,81,66,15,€10M
28,79,79,Right,3,53,80,80,71,82,70,9,€13M
28,79,79,Right,4,67,75,79,76,86,85,16,€13M
27,79,80,Right,4,73,77,76,77,76,72,14,€14.5M
27,79,79,Left,4,82,70,64,77,84,70,6,€13M
27,79,80,Right,3,78,54,68,78,74,46,11,€11.5M
30,79,79,Right,1,12,27,18,46,38,22,80,€8M
29,79,79,Right,4,77,59,59,89,73,55,6,€9.5M
28,79,79,Left,2,63,30,79,63,60,36,7,€10M
27,79,79,Right,4,77,53,64,78,72,58,7,€10.5M
30,79,79,Right,3,53,69,79,35,81,73,11,€9.5M
26,79,81,Left,3,73,62,58,63,74,65,15,€15M
28,79,79,Left,2,47,20,85,55,52,50,8,€10M
29,79,79,Right,3,63,55,75,71,77,63,12,€10M
27,79,80,Right,3,60,54,60,72,71,52,9,€12M
28,79,79,Right,4,63,77,54,90,72,74,9,€13M
28,79,79,Right,4,75,70,67,69,76,65,16,€12.5M
29,79,79,Right,3,73,61,69,90,67,41,12,€ 0
28,79,80,Right,3,62,56,61,69,68,68,9,€11.5M
29,79,79,Left,4,78,55,68,77,84,64,4,€9.5M
29,79,80,Right,1,15,10,13,50,21,24,76,€10M
28,79,79,Right,3,64,60,61,63,77,53,6,€12.5M
30,79,79,Right,3,60,83,78,73,76,70,11,€12M
32,79,79,Right,3,83,54,59,79,84,61,12,€7M
28,79,79,Right,4,78,68,60,89,79,62,7,€12.5M
29,79,79,Right,3,77,67,61,57,83,85,6,€12M
30,79,79,Right,3,62,54,70,62,76,54,1,€9.5M
30,79,79,Left,4,80,66,44,79,80,56,6,€12M
31,79,79,Right,2,68,60,76,75,68,49,16,€8.5M
29,79,79,Right,3,58,84,82,62,79,76,7,€12.5M
32,79,79,Right,1,19,16,24,34,22,21,78,€7M
28,79,80,Left,2,58,23,74,55,51,40,12,€11.5M
28,79,80,Right,2,58,46,75,63,61,58,16,€11.5M
28,79,79,Right,3,72,80,74,73,81,80,7,€13M
31,79,79,Right,4,72,78,60,84,80,78,12,€11.5M
30,79,79,Right,3,64,84,79,69,75,74,12,€12M
30,79,79,Right,1,15,14,14,54,25,22,80,€8M
31,79,79,Right,1,24,14,13,49,24,23,81,€7.5M
31,79,79,Right,3,56,79,74,74,81,69,13,€11.5M
28,79,79,Right,3,65,58,69,58,71,56,11,€10M
30,79,79,Right,3,61,73,93,48,75,64,6,€11.5M
32,79,79,Right,3,58,70,86,61,81,66,9,€7M
29,79,79,Right,1,11,10,15,34,35,26,70,€8.5M
30,79,79,Right,1,11,11,16,52,45,41,74,€8M
31,79,79,Right,1,14,19,12,58,28,40,80,€7.5M
29,79,79,Left,3,79,61,64,34,83,39,10,€10M
28,79,79,Left,3,82,50,68,76,59,52,13,€10M
32,79,79,Right,2,60,23,76,55,63,31,7,€7M
29,79,79,Right,3,72,74,58,89,76,74,8,€12.5M
34,79,79,Right,4,51,80,79,59,83,70,9,€6.5M
32,79,79,Right,1,17,12,16,55,14,24,78,€7M
31,79,79,Left,5,70,70,46,69,78,84,8,€11M
31,79,79,Right,2,44,46,78,79,74,54,10,€8.5M
33,79,79,Right,4,77,80,57,83,79,69,15,€8M
32,79,79,Right,4,67,82,77,65,76,85,9,€10M
33,79,79,Right,4,80,73,65,84,75,79,12,€7.5M
31,79,79,Right,4,72,77,71,82,85,70,8,€11M
32,79,79,Right,4,84,64,57,72,75,60,10,€7M
31,79,79,Right,1,14,14,10,60,40,30,76,€7.5M
35,79,79,Right,4,66,80,76,83,77,80,10,€6M
34,79,79,Right,3,73,52,52,43,68,62,9,€3.8M
32,79,79,Right,3,68,82,72,79,85,79,15,€10M
33,79,79,Right,1,13,14,10,32,23,21,77,€6.5M
34,79,79,Right,3,78,45,70,69,74,64,3,€3.6M
34,79,79,Right,3,58,80,92,70,78,79,9,€6.5M
37,79,79,Left,4,80,68,43,38,77,85,11,€4M
24,78,83,Right,3,36,86,76,66,78,77,13,€14M
20,78,87,Right,2,72,48,75,78,62,60,8,€14M
20,78,87,Right,4,70,70,50,84,81,62,7,€16M
24,78,81,Right,3,78,66,44,79,53,58,6,€13M
19,78,86,Right,3,76,59,64,91,75,46,8,€12.5M
23,78,84,Right,4,66,73,40,91,77,64,10,€14M
20,78,86,Right,3,63,81,76,77,79,60,7,€15.5M
21,78,84,Right,3,51,39,55,65,53,48,10,€12M
19,78,90,Right,1,13,6,13,45,23,16,77,€14M
19,78,88,Right,3,83,56,59,79,70,55,15,€14M
22,78,84,Right,4,65,64,54,69,78,62,7,€14M
26,78,78,Right,2,71,56,62,72,73,67,15,€9M
30,78,78,Right,4,76,69,60,76,72,64,8,€7.5M
34,78,78,Left,4,74,73,45,74,74,73,15,€5M
30,78,78,Left,4,78,45,60,86,78,49,13,€7.5M
25,78,80,Right,4,78,70,59,74,70,53,6,€12.5M
21,78,85,Left,3,76,43,64,82,69,52,7,€12.5M
24,78,81,Right,4,78,72,45,70,84,75,12,€13M
21,78,88,Right,3,79,30,64,77,62,48,14,€14.5M
23,78,86,Left,4,74,62,69,86,69,49,16,€13M
22,78,84,Right,3,72,60,71,74,76,49,7,€14M
27,78,79,Right,3,52,76,77,86,77,68,9,€12M
22,78,84,Right,4,63,64,42,92,65,63,14,€14M
32,78,78,Right,1,17,11,15,39,25,23,73,€6M
25,78,82,Left,4,74,70,32,88,80,77,9,€13.5M
21,78,84,Right,3,65,61,65,69,77,45,10,€14M
23,78,80,Right,4,78,75,42,85,76,66,10,€13M
21,78,85,Right,4,73,65,43,68,70,65,12,€14.5M
21,78,86,Right,2,41,44,74,74,49,45,13,€13.5M
21,78,88,Right,3,69,26,68,83,41,26,13,€14.5M
21,78,86,Right,4,65,74,56,76,78,61,12,€15.5M
23,78,83,Right,3,65,75,47,68,74,69,12,€13.5M
28,78,78,Right,3,48,81,83,54,84,75,7,€10.5M
25,78,79,Right,4,78,66,72,89,81,58,9,€12.5M
25,78,80,Right,1,15,19,24,34,54,23,73,€9M
23,78,83,Right,3,62,70,41,55,74,65,8,€14M
25,78,80,Right,3,42,81,84,69,80,73,9,€13M
29,78,78,Right,3,66,80,77,71,84,74,7,€10.5M
24,78,83,Left,3,46,36,55,75,80,38,15,€12M
29,78,78,Right,4,60,61,57,73,80,58,13,€10M
20,78,86,Right,3,79,53,68,86,57,37,7,€13M
23,78,85,Right,2,43,51,86,62,70,53,8,€12.5M
29,78,80,Right,1,12,10,12,44,22,20,80,€8.5M
25,78,80,Right,2,35,26,75,68,73,41,10,€10.5M
26,78,79,Right,2,60,29,77,75,67,41,15,€10M
22,78,85,Right,3,40,80,80,78,79,71,15,€15M
25,78,79,Right,4,72,73,67,82,76,54,9,€12.5M
26,78,79,Right,2,36,30,74,77,49,50,8,€10M
23,78,84,Right,4,63,59,41,63,62,56,7,€14M
21,78,87,Right,4,76,73,57,53,88,76,8,€16M
30,78,78,Right,3,79,34,68,75,71,41,7,€7.5M
22,78,83,Right,3,74,42,74,79,60,46,15,€11.5M
26,78,81,Right,3,77,56,61,86,81,54,13,€10.5M
26,78,81,Right,1,13,18,18,38,19,21,76,€9M
25,78,81,Right,2,30,28,78,65,45,54,15,€11M
26,78,81,Right,2,45,22,79,68,39,26,9,€11M
27,78,79,Right,3,44,81,78,75,86,68,9,€12M
23,78,83,Right,4,74,74,43,79,76,57,10,€14M
25,78,81,Left,4,75,73,65,90,71,60,6,€13M
29,78,78,Right,2,44,45,82,50,55,51,11,€8M
24,78,85,Right,3,59,30,59,71,53,32,14,€12.5M
25,78,81,Left,3,79,62,55,90,80,67,8,€10.5M
24,78,82,Right,1,16,14,17,48,25,19,81,€9.5M
22,78,84,Right,4,67,64,42,77,67,59,7,€14M
25,78,80,Left,4,78,60,43,90,74,49,12,€12.5M
23,78,83,Left,4,65,62,51,64,83,81,10,€13.5M
23,78,84,Right,2,54,50,83,79,63,39,15,€12M
24,78,83,Right,3,72,55,68,77,83,68,9,€13.5M
23,78,84,Right,2,75,66,78,68,86,44,8,€12M
25,78,80,Right,4,82,65,56,74,63,78,16,€12.5M
23,78,84,Right,4,78,76,51,81,82,66,6,€14M
24,78,81,Left,3,91,40,59,85,75,41,12,€11M
24,78,82,Right,3,64,54,73,68,76,40,6,€11.5M
25,78,83,Right,3,60,65,58,67,62,45,11,€13.5M
23,78,83,Left,4,74,74,62,79,83,74,6,€14M
26,78,79,Left,3,79,57,78,69,79,67,15,€10M
25,78,80,Left,4,75,66,42,71,83,71,16,€12.5M
27,78,80,Right,1,20,14,13,58,70,21,67,€8.5M
23,78,83,Right,3,73,70,52,65,65,64,7,€13.5M
25,78,80,Right,3,50,53,56,64,74,68,7,€10.5M
28,78,78,Right,3,74,33,71,78,72,36,8,€8M
22,78,84,Right,4,78,74,56,74,73,70,14,€14M
23,78,84,Left,4,77,71,23,76,72,60,10,€14M
23,78,86,Right,3,68,68,70,58,74,58,5,€15M
25,78,82,Right,1,15,12,14,47,21,13,73,€9.5M
22,78,83,Left,4,65,75,64,90,76,69,7,€14M
24,78,80,Right,3,69,72,84,79,73,59,11,€13M
23,78,84,Right,4,75,80,64,76,77,75,8,€14M
24,78,83,Left,3,70,77,54,64,87,57,9,€13.5M
25,78,81,Right,3,78,33,68,79,67,49,3,€10.5M
25,78,79,Right,4,71,75,75,78,74,65,14,€12.5M
28,78,78,Right,2,46,56,73,67,82,51,11,€8.5M
29,78,78,Right,3,33,81,93,63,80,64,6,€10.5M
24,78,84,Right,1,15,12,12,37,19,31,76,€10.5M
29,78,78,Right,4,78,58,58,75,77,68,7,€10M
25,78,79,Right,3,63,81,80,65,79,77,9,€12.5M
29,78,78,Right,3,77,72,49,61,74,72,12,€10M
27,78,79,Right,3,69,76,81,76,79,90,11,€12M
27,78,78,Right,3,59,80,81,61,79,73,11,€11M
27,78,78,Right,3,55,82,75,66,82,77,12,€11M
26,78,81,Right,3,74,51,67,86,56,56,7,€10.5M
27,78,80,Right,1,15,17,14,45,18,19,76,€8.5M
26,78,79,Right,4,65,66,39,57,66,64,8,€12M
27,78,79,Left,4,75,59,33,75,80,55,11,€11.5M
24,78,83,Right,2,46,23,79,63,40,19,15,€12M
24,78,83,Left,3,67,27,74,74,67,42,14,€12M
27,78,78,Right,4,78,73,70,86,76,68,14,€11M
28,78,79,Right,2,51,22,73,73,48,36,13,€9.5M
27,78,78,Left,4,70,79,68,87,79,69,15,€11M
26,78,81,Right,3,60,63,62,76,76,61,9,€11M
27,78,78,Right,3,76,68,41,65,76,76,14,€10.5M
26,78,80,Right,4,74,64,58,75,72,68,3,€12.5M
27,78,80,Right,2,25,25,73,63,67,35,6,€10M
28,78,80,Right,2,49,25,74,65,52,55,11,€10M
28,78,78,Right,4,74,73,67,78,81,76,11,€10.5M
31,78,78,Right,2,75,40,73,70,81,47,8,€7M
26,78,81,Right,2,32,37,76,50,72,36,16,€11M
31,78,78,Left,3,54,66,53,67,75,62,15,€9M
26,78,81,Right,4,67,76,75,65,84,81,13,€13M
26,78,83,Right,2,45,35,74,44,45,41,16,€11.5M
26,78,80,Right,2,37,25,67,48,60,54,14,€10.5M
29,78,78,Left,4,74,78,68,78,82,79,8,€10.5M
30,78,78,Right,3,76,70,57,66,73,84,13,€9.5M
26,78,82,Right,1,10,14,21,54,31,13,76,€9.5M
27,78,80,Right,2,51,50,75,52,75,43,15,€10M
28,78,79,Right,3,59,42,75,68,81,78,14,€9.5M
29,78,78,Left,4,81,65,42,68,71,76,16,€10M
25,78,81,Right,4,77,62,50,72,80,78,10,€13M
34,78,78,Right,4,72,77,54,70,83,74,2,€5M
26,78,80,Right,2,44,24,88,59,68,46,10,€10.5M
30,78,78,Right,4,71,78,66,84,74,75,12,€10M
32,78,78,Right,3,77,62,74,73,74,66,9,€5.5M
27,78,78,Right,4,76,69,70,77,74,75,7,€11M
30,78,78,Right,3,83,68,58,69,78,70,9,€9.5M
30,78,78,Right,4,78,73,59,50,77,73,14,€9.5M
30,78,78,Right,2,63,39,69,71,73,59,13,€7.5M
30,78,78,Left,4,80,65,63,75,69,54,13,€10M
30,78,78,Right,1,11,14,15,53,22,15,76,€6.5M
40,78,78,Right,3,60,45,79,38,55,64,7,€ 0
26,78,80,Right,3,74,58,75,65,85,74,11,€10.5M
30,78,78,Right,3,68,76,76,72,84,78,15,€10M
30,78,78,Right,4,80,75,49,77,73,70,8,€10M
32,78,78,Right,3,79,77,47,67,76,66,15,€8M
28,78,78,Right,4,73,70,58,77,73,72,16,€10.5M
27,78,80,Right,2,44,28,76,68,75,64,12,€10M
35,78,78,Right,1,12,13,18,54,22,23,77,€2.4M
33,78,78,Right,4,79,57,60,59,85,75,5,€6M
32,78,78,Left,4,75,65,72,76,84,76,3,€8M
29,78,78,Right,3,61,79,86,65,78,77,12,€ 0
34,78,78,Left,3,83,57,74,76,82,57,13,€2.9M
31,78,78,Right,3,47,59,86,62,82,61,6,€7M
31,78,78,Right,1,21,11,9,43,24,23,73,€6.5M
31,78,78,Right,2,69,37,76,78,70,50,3,€7M
29,78,78,Right,2,61,48,76,54,66,62,10,€8M
29,78,78,Right,3,68,58,75,54,74,60,11,€10M
29,78,79,Right,2,45,29,78,49,40,43,8,€9M
32,78,78,Right,1,13,11,13,40,22,12,73,€6M
31,78,78,Right,3,75,72,63,90,69,63,5,€9M
26,78,80,Right,3,73,67,67,63,85,71,11,€12.5M
31,78,78,Right,4,75,69,43,68,82,61,10,€9M
30,78,78,Right,3,79,71,70,60,79,81,16,€9.5M
30,78,78,Right,4,79,74,63,90,80,67,16,€10M
33,78,78,Left,4,81,59,63,73,87,59,15,€4M
27,78,78,Right,2,41,31,80,53,48,35,12,€8.5M
33,78,78,Left,4,75,77,66,75,92,83,9,€6.5M
31,78,78,Left,4,78,57,63,76,60,52,15,€7M
32,78,78,Left,2,65,60,70,61,74,71,14,€6M
29,78,78,Left,4,78,74,53,90,83,73,12,€10M
23,77,82,Right,3,89,61,57,57,74,80,12,€12M
31,77,77,Right,3,68,76,77,76,78,72,10,€8M
29,77,77,Right,4,75,79,66,93,75,79,14,€9M
23,77,82,Left,3,73,72,73,75,81,70,15,€12M
31,77,77,Right,3,77,66,47,65,75,58,8,€7.5M
21,77,85,Left,3,76,33,73,69,55,43,14,€11M
30,77,77,Right,3,76,70,60,79,69,53,7,€8.5M
28,77,77,Right,2,33,48,79,66,67,48,12,€7M
30,77,77,Right,3,82,62,54,80,71,68,14,€8.5M
29,77,77,Right,3,72,73,80,87,85,61,7,€8.5M
24,77,81,Left,3,68,68,75,51,77,66,8,€11.5M
33,77,77,Right,2,45,54,76,35,76,65,15,€3.6M
30,77,77,Right,2,43,48,77,67,64,64,11,€6.5M
23,77,81,Left,3,75,70,67,72,80,53,8,€11.5M
27,77,77,Left,4,77,71,65,68,71,72,12,€9.5M
28,77,77,Right,3,74,78,78,77,77,76,7,€9M
34,77,77,Right,3,66,83,84,51,77,80,1,€4.7M
35,77,77,Right,4,77,76,70,69,77,80,6,€4.1M
29,77,77,Right,4,65,75,74,78,77,68,9,€9M
35,77,77,Left,2,65,38,74,70,71,38,12,€2.1M
23,77,82,Left,2,59,54,73,69,72,54,8,€10M
25,77,78,Right,4,70,71,60,90,80,58,8,€10.5M
27,77,78,Right,3,50,63,46,65,47,41,14,€10M
27,77,78,Right,4,79,72,73,58,83,78,11,€10M
28,77,77,Right,2,51,30,69,55,79,47,8,€7M
29,77,77,Right,3,70,69,68,62,82,72,16,€8.5M
32,77,77,Right,1,20,10,15,52,25,12,75,€5M
27,77,78,Left,3,74,50,67,88,67,55,15,€8M
21,77,85,Right,4,74,69,30,74,83,74,14,€13M
33,77,77,Right,3,60,54,60,63,74,69,16,€3.6M
29,77,77,Left,4,70,72,35,80,77,65,15,€8.5M
26,77,78,Left,3,70,79,66,70,82,72,11,€10.5M
37,77,77,Right,1,15,15,14,52,30,41,72,€600K
28,77,77,Left,4,80,72,38,73,76,72,8,€9M
28,77,77,Right,4,69,77,74,78,80,71,6,€9M
34,77,77,Right,2,59,54,60,42,72,60,13,€2.7M
25,77,80,Left,4,71,70,62,77,77,75,11,€11M
24,77,82,Left,3,79,60,64,80,76,65,10,€10M
25,77,81,Left,4,79,69,69,73,88,66,6,€11.5M
27,77,77,Right,3,69,75,78,83,78,70,10,€9.5M
23,77,83,Right,2,32,37,79,72,50,47,8,€10.5M
28,77,78,Right,2,21,23,81,35,66,42,9,€8M
27,77,77,Right,4,74,71,56,90,76,61,7,€9.5M
26,77,78,Right,1,9,12,12,38,21,22,77,€7M
21,77,84,Right,3,67,57,50,68,64,61,15,€12.5M
32,77,77,Right,3,67,61,58,69,69,59,7,€6.5M
30,77,77,Left,3,76,54,77,82,84,77,16,€6.5M
32,77,77,Right,4,61,83,66,53,75,78,8,€7M
26,77,78,Right,4,78,71,74,88,72,64,11,€8.5M
29,77,77,Right,3,47,60,81,38,71,51,6,€8.5M
27,77,78,Right,4,84,72,53,65,74,65,15,€10M
33,77,77,Left,3,84,63,74,59,84,90,15,€3.4M
30,77,77,Left,2,51,25,77,64,68,39,3,€6.5M
27,77,77,Left,2,66,20,74,78,62,37,11,€7.5M
31,77,77,Right,3,56,73,84,67,81,70,5,€8M
21,77,84,Right,3,65,30,79,77,42,37,15,€11M
32,77,77,Left,4,63,74,80,74,76,78,13,€7M
34,77,77,Right,4,71,62,60,69,73,76,11,€4.5M
29,77,77,Left,2,60,77,91,50,83,73,14,€9M
30,77,77,Right,2,42,33,80,59,42,47,15,€ 0
34,77,77,Right,1,13,9,10,44,19,15,69,€3.6M
33,77,77,Right,4,70,80,73,59,78,72,13,€5.5M
23,77,83,Right,1,12,13,13,46,22,24,72,€9M
27,77,77,Right,4,75,76,66,81,83,77,12,€9.5M
21,77,83,Right,2,30,22,78,68,48,51,12,€10.5M
25,77,79,Right,3,66,57,57,60,76,62,15,€9M
28,77,77,Right,3,62,55,61,53,73,72,11,€7M
27,77,80,Left,1,15,14,14,34,25,24,79,€7.5M
28,77,77,Right,3,45,79,80,72,73,66,16,€9M
24,77,80,Right,4,71,72,62,83,84,58,11,€11.5M
24,77,82,Right,4,56,76,83,72,78,62,12,€12M
30,77,77,Right,4,74,66,60,77,71,67,12,€8.5M
30,77,77,Right,3,75,75,56,78,71,73,16,€8.5M
23,77,82,Right,4,75,75,75,79,77,70,8,€12M
28,77,77,Right,3,68,77,76,77,74,77,12,€9M
33,77,77,Right,3,65,80,79,44,81,83,12,€5.5M
28,77,77,Right,3,48,75,84,68,85,65,13,€9M
30,77,77,Right,3,74,57,70,61,71,61,6,€6.5M
30,77,77,Right,2,77,59,68,80,80,67,9,€6.5M
34,77,77,Right,2,63,80,79,57,80,62,12,€4.7M
23,77,84,Right,3,81,51,55,68,72,46,8,€10.5M
28,77,77,Right,2,34,34,78,47,41,38,13,€7M
26,77,78,Right,3,76,46,63,80,67,78,6,€8.5M
30,77,77,Right,1,13,10,14,60,23,19,74,€5.5M
27,77,77,Left,4,72,62,64,73,78,56,8,€9M
33,77,77,Right,4,78,66,58,67,68,69,11,€5.5M
21,77,84,Left,4,77,66,43,82,74,60,11,€12.5M
28,77,77,Right,3,51,80,76,67,83,75,14,€9M
32,77,77,Right,3,58,57,73,54,82,61,8,€5M
28,77,77,Right,3,68,72,56,63,80,51,13,€9M
28,77,77,Right,2,77,55,74,79,76,50,7,€7M
32,77,77,Left,2,52,38,78,51,67,44,15,€5M
22,77,82,Left,3,65,64,53,75,65,57,8,€12M
30,77,77,Right,2,49,25,77,68,28,43,8,€6.5M
34,77,77,Right,1,14,12,15,44,22,23,79,€3.6M
30,77,77,Right,3,65,45,58,69,77,46,12,€8M
34,77,77,Right,2,77,57,62,69,76,65,8,€2.5M
30,77,77,Right,3,62,75,68,58,80,75,16,€6.5M
37,77,77,Right,3,56,83,84,39,76,84,16,€3.2M
32,77,77,Right,3,58,67,62,32,61,59,15,€5M
34,77,77,Right,4,51,77,78,73,80,83,16,€4.7M
24,77,81,Right,4,78,70,53,70,77,76,7,€11.5M
27,77,77,Right,4,77,72,65,75,77,62,10,€9.5M
25,77,80,Right,3,67,64,51,81,76,63,16,€ 0
34,77,77,Left,4,78,70,57,71,75,73,6,€4.5M
27,77,78,Right,3,77,50,62,79,82,50,15,€8M
28,77,77,Right,4,68,54,60,75,72,68,5,€9M
28,77,77,Right,2,56,79,81,58,83,83,11,€9M
28,77,79,Right,2,40,25,74,71,52,35,11,€8.5M
31,77,77,Right,4,65,79,55,75,77,72,16,€8M
18,77,89,Right,5,68,70,38,86,64,57,11,€14.5M
33,77,77,Right,3,75,58,72,75,77,55,6,€3.4M
29,77,77,Left,3,76,57,58,77,76,49,11,€6.5M
22,77,83,Left,4,65,78,75,80,76,66,12,€12.5M
29,77,77,Left,3,68,77,71,85,77,72,9,€ 0
27,77,77,Right,3,68,55,63,58,67,60,11,€7.5M
28,77,77,Right,4,73,64,47,88,74,67,15,€9M
29,77,77,Right,4,79,70,54,76,88,48,13,€8.5M
31,77,77,Left,3,64,78,80,72,78,72,8,€8M
31,77,77,Right,1,10,9,10,49,22,24,75,€5.5M
32,77,77,Right,3,60,48,70,66,72,62,6,€5M
28,77,77,Right,3,75,69,70,81,85,60,8,€9M
21,77,84,Right,3,42,42,74,73,55,48,12,€11M
23,77,81,Right,3,71,62,73,69,78,58,14,€10M
24,77,83,Right,2,65,44,73,68,59,54,6,€10.5M
36,77,77,Right,3,49,79,82,41,83,80,14,€3.2M
34,77,77,Right,3,74,45,66,55,54,61,12,€2.7M
